{
  "training_config": {
    "total_epochs": 60,
    "num_classes": 4,
    "class_names": {
      "class_0": "Background",
      "class_1": "Ventricles",
      "class_2": "Normal WMH",
      "class_3": "Abnormal WMH"
    },
    "beta_threshold": 0.95
  },
  "best_epoch_selection": {
    "overall_best_epoch": 25,
    "composite_score": 0.7186613780239635,
    "selection_criteria": {
      "abnormal_wmh_weight": 0.6,
      "ventricles_weight": 0.3,
      "val_loss_weight": 0.1
    },
    "valid_epochs": {
      "first_valid_epoch": 25,
      "total_valid_epochs": 36
    }
  },
  "priority_metrics": {
    "abnormal_wmh": {
      "best_epoch": 50,
      "best_dice": 0.738841335732084
    },
    "ventricles": {
      "best_epoch": 41,
      "best_dice": 0.9087642617362606
    },
    "validation_loss": {
      "best_epoch": 25,
      "best_loss": 0.1767234355211258
    }
  },
  "best_epoch_metrics": {
    "dice": {
      "class_0": 0.9979150845702401,
      "class_1": 0.9059213776549883,
      "class_2": 0.7050868295669533,
      "class_3": 0.7338521539352593,
      "mean": 0.8356938614318603
    },
    "precision": {
      "class_0": 0.9977677050605538,
      "class_1": 0.9251742707390673,
      "class_2": 0.6930513595142899,
      "class_3": 0.7320660863360026,
      "mean": 0.8370148554124783
    },
    "recall": {
      "class_0": 0.9980625076249793,
      "class_1": 0.887453455410148,
      "class_2": 0.7175477009671652,
      "class_3": 0.73564695800937,
      "mean": 0.8346776555029156
    },
    "val_loss": 0.1767234355211258,
    "gen_total_loss": 11.620675086975098,
    "gen_gan_loss": 0.9574075937271118,
    "gen_seg_loss": 0.21326537430286407,
    "disc_loss": 1.1983426809310913,
    "beta_value": 0.9525741338729858
  },
  "training_progression": {
    "final_epoch_metrics": {
      "dice": {
        "class_0": 0.9979356460705663,
        "class_1": 0.9053224640386381,
        "class_2": 0.6997685597281471,
        "class_3": 0.7355692364224284,
        "mean": 0.834648976564945
      },
      "precision": {
        "class_0": 0.997692566025053,
        "class_1": 0.9141142592471515,
        "class_2": 0.7173413147398717,
        "class_3": 0.7578672321704174,
        "mean": 0.8467538430456234
      },
      "recall": {
        "class_0": 0.9981788445940664,
        "class_1": 0.8966981737721644,
        "class_2": 0.6830361797494768,
        "class_3": 0.7145458440420075,
        "mean": 0.8231147605394288
      },
      "val_loss": 0.18683351576328278
    },
    "convergence_info": {
      "epochs_trained": 60,
      "final_beta": 0.9999995231628418
    }
  },
  "epoch_progression": {
    "abnormal_wmh_dice": [
      0.25492123220281676,
      0.5175161748454612,
      0.5838425579921398,
      0.5928055899005193,
      0.6254503322037304,
      0.295256098658568,
      0.6200142073354896,
      0.6539322838319229,
      0.657340970755717,
      0.6641473346485314,
      0.7078359575234203,
      0.6882099737518358,
      0.7075367678229249,
      0.722473042049322,
      0.7208957462040407,
      0.7074306213331437,
      0.7047911750165472,
      0.7183335886034643,
      0.7214170692417565,
      0.7307348894828063,
      0.7335390172309174,
      0.7254226914529771,
      0.7324501853129565,
      0.7325782435328101,
      0.7338521539352593,
      0.7327936666415862,
      0.729423052084486,
      0.7269641308023856,
      0.7261824979705721,
      0.7329210728516723,
      0.7291659374877862,
      0.733641868036048,
      0.7297330415742149,
      0.7317464953257671,
      0.7300552486174401,
      0.7326339452964918,
      0.729611990990642,
      0.7327444575434742,
      0.7308592563461846,
      0.7293273736559561,
      0.7294508790619781,
      0.7341060383437011,
      0.7339216787765545,
      0.7320921888430042,
      0.7335256186491034,
      0.7365854526673609,
      0.7338900210999082,
      0.7370289212033231,
      0.7335889916521288,
      0.738841335732084,
      0.7369552367120982,
      0.7337745942501881,
      0.7333994053504874,
      0.7364798052773703,
      0.7362124569829807,
      0.7369174574608819,
      0.7373702104185659,
      0.7298743933758031,
      0.7358379806267688,
      0.7355692364224284
    ],
    "ventricles_dice": [
      0.5721118238996238,
      0.7506585885494184,
      0.7487045492531919,
      0.7698791447161141,
      0.8301967027776785,
      0.762761008953265,
      0.7339069826479158,
      0.8534184938219942,
      0.8701487017785481,
      0.8613951701949412,
      0.8733640329612653,
      0.8839903107134741,
      0.8837500317924136,
      0.8992216345669598,
      0.8894963946539489,
      0.897095848555514,
      0.8995973656486451,
      0.9066466099495394,
      0.9007664674137902,
      0.9089008363197387,
      0.9054689869017688,
      0.9091394236466236,
      0.9071562985651122,
      0.908235294117199,
      0.9059213776549883,
      0.9077640041923223,
      0.9069559249197244,
      0.9060450987492339,
      0.9062211684403397,
      0.9067618442277873,
      0.9084466921865306,
      0.9077492232990839,
      0.9086300924049523,
      0.9069385070695909,
      0.9060693499301251,
      0.9086699077226549,
      0.9072434358677981,
      0.9074993454555342,
      0.9072610207018601,
      0.9077293553963356,
      0.9087642617362606,
      0.9063405214028342,
      0.9055741094143083,
      0.9050309925065818,
      0.9058989816248516,
      0.90622120500505,
      0.9046307958169041,
      0.9045021688184153,
      0.9071156552282957,
      0.9057626176660204,
      0.902965655602118,
      0.9034215118023589,
      0.9061673553205782,
      0.9045798257938727,
      0.9069709527030586,
      0.9066081251074681,
      0.9073155641591705,
      0.905550069516669,
      0.9042861876118714,
      0.9053224640386381
    ],
    "mean_dice": [
      0.5744318100616576,
      0.6892491978634337,
      0.7173538860786483,
      0.7308887448231582,
      0.7488711082423387,
      0.6384970365456776,
      0.7274481347081703,
      0.7877669115252025,
      0.7908754607040598,
      0.7843847826052437,
      0.8081964706850021,
      0.8157140598501694,
      0.8176787103413176,
      0.8279738489248039,
      0.8221482607801043,
      0.8225142572389217,
      0.8244897205586852,
      0.8320755179513117,
      0.8297942231121662,
      0.8355429421182563,
      0.8361839745333213,
      0.8330145162743503,
      0.83577482114539,
      0.8347569787432837,
      0.8356938614318603,
      0.8334820344487,
      0.8330277050774244,
      0.8324774940344485,
      0.832649271829089,
      0.8359388005585118,
      0.8322664639297385,
      0.8353996537430366,
      0.8344410665452437,
      0.8340094586514977,
      0.8303258316069609,
      0.8339593425656775,
      0.831892188670867,
      0.8321547712655503,
      0.8327484407362606,
      0.833207963053406,
      0.8337847735727248,
      0.8345668420577924,
      0.834382967147146,
      0.8327308164681932,
      0.8326685053830705,
      0.8350626477639702,
      0.8338659936634022,
      0.8355849491692868,
      0.8330927845242113,
      0.8361926562452571,
      0.8326223109658357,
      0.833496680811088,
      0.8348793535256661,
      0.8365166212231351,
      0.8363601909776102,
      0.8352286083214084,
      0.8367179545016236,
      0.8330806785792322,
      0.8354267611604433,
      0.834648976564945
    ],